{
  "선다형": {
    "rich": {
      "accuracy": 0.7551020408163265,
      "count": 49
    },
    "format_aware": {
      "accuracy": 0.6938775510204082,
      "count": 49
    },
    "detailed": {
      "accuracy": 0.7755102040816326,
      "count": 49
    }
  },
  "단답형": {
    "rich": {
      "exact_match": 0.5,
      "count": 26
    },
    "format_aware": {
      "exact_match": 0.46153846153846156,
      "count": 26
    },
    "detailed": {
      "exact_match": 0.6538461538461539,
      "count": 26
    }
  },
  "서술형": {
    "rich": {
      "rouge1": 0.43303303124999887,
      "rouge2": 0.13410832039042586,
      "rougeL": 0.2304275987449939,
      "bleu": 0.39571636538650484,
      "count": 23
    },
    "format_aware": {
      "rouge1": 0.4294378521464037,
      "rouge2": 0.12947923551658475,
      "rougeL": 0.23268281891439074,
      "bleu": 0.4028008474203414,
      "count": 23
    },
    "detailed": {
      "rouge1": 0.40764473586502226,
      "rouge2": 0.12615703332751718,
      "rougeL": 0.223815339862146,
      "bleu": 0.35823844262298193,
      "count": 23
    }
  }
}