{
  "선다형": {
    "rich": {
      "accuracy": 0.6530612244897959,
      "count": 49
    },
    "format_aware": {
      "accuracy": 0.6326530612244898,
      "count": 49
    },
    "detailed": {
      "accuracy": 0.7142857142857143,
      "count": 49
    }
  },
  "단답형": {
    "rich": {
      "exact_match": 0.5,
      "count": 26
    },
    "format_aware": {
      "exact_match": 0.38461538461538464,
      "count": 26
    },
    "detailed": {
      "exact_match": 0.5769230769230769,
      "count": 26
    }
  },
  "서술형": {
    "rich": {
      "rouge1": 0.3263145769613115,
      "rouge2": 0.11355153487106727,
      "rougeL": 0.20395209418133772,
      "bleu": 0.17598698183362485,
      "count": 23
    },
    "format_aware": {
      "rouge1": 0.3582043979944497,
      "rouge2": 0.12016407971791206,
      "rougeL": 0.2123577890899882,
      "bleu": 0.2311930091083665,
      "count": 23
    },
    "detailed": {
      "rouge1": 0.3749726286930603,
      "rouge2": 0.11881584178384338,
      "rougeL": 0.2252157908281321,
      "bleu": 0.24798803281203816,
      "count": 23
    }
  }
}