{
  "선다형": {
    "baseline": {
      "accuracy": 0.5918367346938775,
      "count": 49
    },
    "simple": {
      "accuracy": 0.6530612244897959,
      "count": 49
    },
    "rich": {
      "accuracy": 0.6530612244897959,
      "count": 49
    },
    "expert": {
      "accuracy": 0.673469387755102,
      "count": 49
    },
    "format_aware": {
      "accuracy": 0.6326530612244898,
      "count": 49
    },
    "detailed": {
      "accuracy": 0.6938775510204082,
      "count": 49
    }
  },
  "단답형": {
    "baseline": {
      "exact_match": 0.0,
      "count": 26
    },
    "simple": {
      "exact_match": 0.11538461538461539,
      "count": 26
    },
    "rich": {
      "exact_match": 0.46153846153846156,
      "count": 26
    },
    "expert": {
      "exact_match": 0.0,
      "count": 26
    },
    "format_aware": {
      "exact_match": 0.2692307692307692,
      "count": 26
    },
    "detailed": {
      "exact_match": 0.5769230769230769,
      "count": 26
    }
  },
  "서술형": {
    "baseline": {
      "rouge1": 0.3615983529005875,
      "rouge2": 0.12414505934163077,
      "rougeL": 0.24721141208220634,
      "bleu": 0.2606545447582783,
      "count": 23
    },
    "simple": {
      "rouge1": 0.3699236400938877,
      "rouge2": 0.11703534460496769,
      "rougeL": 0.24984719913189432,
      "bleu": 0.27497534283768793,
      "count": 23
    },
    "rich": {
      "rouge1": 0.40004303685427617,
      "rouge2": 0.13164984147918674,
      "rougeL": 0.2574188109994813,
      "bleu": 0.3108152678491982,
      "count": 23
    },
    "expert": {
      "rouge1": 0.38058504870826304,
      "rouge2": 0.12620941745355635,
      "rougeL": 0.25764665451371427,
      "bleu": 0.28311736528619014,
      "count": 23
    },
    "format_aware": {
      "rouge1": 0.4515616498706517,
      "rouge2": 0.14418084280162644,
      "rougeL": 0.2691548165277484,
      "bleu": 0.4176613434929206,
      "count": 23
    },
    "detailed": {
      "rouge1": 0.34677362674411644,
      "rouge2": 0.11641226521510796,
      "rougeL": 0.21643716724962597,
      "bleu": 0.21615498475741826,
      "count": 23
    }
  }
}