{
  "선다형": {
    "baseline": {
      "accuracy": 0.42857142857142855,
      "count": 49
    },
    "simple": {
      "accuracy": 0.42857142857142855,
      "count": 49
    },
    "rich": {
      "accuracy": 0.7755102040816326,
      "count": 49
    },
    "expert": {
      "accuracy": 0.3877551020408163,
      "count": 49
    },
    "format_aware": {
      "accuracy": 0.6530612244897959,
      "count": 49
    },
    "detailed": {
      "accuracy": 0.7551020408163265,
      "count": 49
    }
  },
  "단답형": {
    "baseline": {
      "exact_match": 0.0,
      "count": 26
    },
    "simple": {
      "exact_match": 0.19230769230769232,
      "count": 26
    },
    "rich": {
      "exact_match": 0.46153846153846156,
      "count": 26
    },
    "expert": {
      "exact_match": 0.0,
      "count": 26
    },
    "format_aware": {
      "exact_match": 0.34615384615384615,
      "count": 26
    },
    "detailed": {
      "exact_match": 0.5769230769230769,
      "count": 26
    }
  },
  "서술형": {
    "baseline": {
      "rouge1": 0.35097214206478944,
      "rouge2": 0.11044638890909254,
      "rougeL": 0.2521297478117887,
      "bleu": 0.24826273936216667,
      "count": 23
    },
    "simple": {
      "rouge1": 0.3492976744197297,
      "rouge2": 0.10759425752537968,
      "rougeL": 0.2501303747615679,
      "bleu": 0.24360925197902644,
      "count": 23
    },
    "rich": {
      "rouge1": 0.3615148109575911,
      "rouge2": 0.11460921697976958,
      "rougeL": 0.24990511507111152,
      "bleu": 0.2579549651553629,
      "count": 23
    },
    "expert": {
      "rouge1": 0.3556995471008331,
      "rouge2": 0.10845621079998541,
      "rougeL": 0.2476320798382581,
      "bleu": 0.2549371401015457,
      "count": 23
    },
    "format_aware": {
      "rouge1": 0.4406121393972864,
      "rouge2": 0.1290295642615565,
      "rougeL": 0.23692275121573872,
      "bleu": 0.41363208177916805,
      "count": 23
    },
    "detailed": {
      "rouge1": 0.4086409839604623,
      "rouge2": 0.127752123698183,
      "rougeL": 0.23313382844425815,
      "bleu": 0.34708407968437494,
      "count": 23
    }
  }
}